Region,Revenue,Orders,ReturnRate
North,967957.98,309,0.22653721682847897
East,883633.718,311,0.2604501607717042
West,853478.8589999999,284,0.2605633802816901
Central,847153.6845,301,0.23255813953488372
South,827768.187,295,0.26101694915254237
